peak43541_Reversed	0
peak3273	0
peak21887_Reversed	0
peak22350	0
peak49835	0
peak43541	0
GATA1_2088	0
RBM38_6854	0
peak23495	0
peak84764	0
peak48263_Reversed	0
peak50544_Reversed	0
GATA1_3658	0
HBE1_9189	0
peak65536	0
peak72413_Reversed	0
peak19598	0
peak2885_Reversed	0
peak79069_Reversed	0
peak21887	0
RBM38_1406_Reversed	0
peak67912_Reversed	0
peak79481	0
BCL11A_9023_Reversed	0
peak86194	0
HBE1_8726_Reversed	0
BCL11A_5307	0
HBA2_5093	0
HBA2_4317_Reversed	0
peak3064_Reversed	0
peak28107_Reversed	0
MYC_1926	0
HBA2_2412	0
GATA1_6490_Reversed	0
MYC_411_Reversed	0
peak1056	0
LMO2_1890	0
BCL11A_5904_Reversed	0
peak50929	0
HBA2_1554	0
peak9904	0
peak30076	0
peak20772	0
LMO2_9559_Reversed	0
GATA1_5999	0
peak22350_Reversed	0
HBA2_1207_Reversed	0
peak19406	0
BCL11A_9156	0
peak79069	0
peak10959_Reversed	0
peak65536_Reversed	0
peak19265_Reversed	0
peak77018	0
peak9904_Reversed	0
peak70658	0
HBA2_2412_Reversed	0
peak79765_Reversed	0
peak56183	0
peak23862	0
peak25225	0
LMO2_562	0
peak34399_Reversed	0
LMO2_1707_Reversed	0
GATA1_3913_Reversed	0
BCL11A_2274_Reversed	0
HBA2_1192_Reversed	0
peak43470	0
peak29716	0
peak49835_Reversed	0
peak67912	0
LMO2_562_Reversed	0
peak16958	0
LMO2_1707	0
peak59555_Reversed	0
peak53144	0
peak28107	0
LMO2_2016_Reversed	0
peak53224	0
RBM38_8072_Reversed	0
peak24968	0
peak35909	0
peak22478	0
peak21145_Reversed	0
peak40884	0
LMO2_3256	0
HBA2_1207	0
peak49111	0
HBA2_1471_Reversed	0
HBA2_1011_Reversed	0
HBE1_9148	0
peak33137	0
peak43492	0
peak21043	0
peak33543	0
BCL11A_6524_Reversed	0
LMO2_3256_Reversed	0
peak20772_Reversed	0
peak39332_Reversed	0
RBM38_2114	0
LMO2_4804	0
peak55981	0
LMO2_6061_Reversed	0
peak2885	0
peak23427_Reversed	0
HBA2_1972_Reversed	0
peak69984_Reversed	0
peak74724	0
GATA1_7518_Reversed	0
HBE1_1512	0
peak451	0
peak27018	0
peak68278_Reversed	0
HBA2_4317	0
peak22440_Reversed	0
GATA1_6490	0
peak69984	0
HBA2_2170	0
peak69368	0
HBA2_2170_Reversed	0
peak72413	0
GATA1_3820	0
peak23862_Reversed	0
peak27018_Reversed	0
HBE1_9148_Reversed	0
GATA1_5999_Reversed	0
RBM38_1406	0
RBM38_9670	0
LMO2_2016	0
peak41555	0
peak61022	0
HBE1_1512_Reversed	0
peak9282_Reversed	0
peak23724_Reversed	0
peak60572_Reversed	0
GATA1_9096_Reversed	0
peak82729_Reversed	0
peak69439_Reversed	0
HBA2_2034_Reversed	0
peak50544	0
peak59555	0
BCL11A_5267_Reversed	0
peak7804_Reversed	0
peak21724	0
GATA1_2099_Reversed	0
peak21043_Reversed	0
LMO2_4131_Reversed	0
GATA1_1642	0
BCL11A_9023	0
peak84764_Reversed	0
peak34207_Reversed	0
HBE1_7984_Reversed	0
GATA1_3820_Reversed	0
HBA2_941	0
HBA2_2165	0
peak67238_Reversed	0
peak51730	0
peak69368_Reversed	0
peak48222_Reversed	0
HBE1_7718_Reversed	0
peak62211_Reversed	0
peak55599_Reversed	0
peak56183_Reversed	0
MYC_411	0
peak68170	0
peak55604_Reversed	0
LMO2_3104_Reversed	0
peak76330	0
GATA1_3913	0
peak40720	0
peak87374	0
peak19219	0
LMO2_1728	0
HBA2_2182_Reversed	0
peak43350_Reversed	0
BCL11A_5267	0
GATA1_3658_Reversed	0
peak52197	0
peak76992	0
BCL11A_4131	0
peak74554_Reversed	0
peak68685	0
HBE1_8124	0
LMO2_9559	0
peak53729_Reversed	0
peak74906	0
peak9282	0
peak77259	0
peak73805	0
peak58139_Reversed	0
peak10959	0
GATA1_7518	0
peak48920_Reversed	0
GATA1_1407_Reversed	0
RBM38_4672_Reversed	0
peak24181	0
peak62291_Reversed	0
peak43350	0
peak40011	0
peak43470_Reversed	0
HBA2_4047_Reversed	0
peak63124	0
LMO2_3960	0
HBA2_5093_Reversed	0
HBA2_1011	0
peak70658_Reversed	0
LMO2_4131	0
RBM38_1828_Reversed	0
peak16958_Reversed	0
HBE1_9189_Reversed	0
peak44384	0
peak31477_Reversed	0
peak23495_Reversed	0
BCL11A_2274	0
LMO2_1890_Reversed	0
HBE1_165_Reversed	0
HBA2_4047	0
GATA1_2740_Reversed	0
LMO2_1899_Reversed	0
peak73805_Reversed	0
peak55604	0
GATA1_7175_Reversed	0
RBM38_1643	0
GATA1_9096	0
peak53729	0
peak9839	0
HBE1_7257_Reversed	0
LMO2_7212	0
HBE1_7984	0
RBM38_1608	0
peak63124_Reversed	0
peak30715_Reversed	0
GATA1_7175	0
peak48222	0
BCL11A_6910	0
peak58139	0
peak62291	0
peak34207	0
peak33543_Reversed	0
peak87218_Reversed	0
HBA2_2034	0
peak60572	0
LMO2_6099_Reversed	0
GATA1_4072_Reversed	0
peak52000_Reversed	0
peak61022_Reversed	0
peak52197_Reversed	0
GATA1_1642_Reversed	0
HBA2_979_Reversed	0
peak55981_Reversed	0
peak34399	0
peak87218	0
HBA2_2167_Reversed	0
RBM38_2958_Reversed	0
peak11111_Reversed	0
peak82770	0
peak25294_Reversed	0
HBE1_165	0
peak53786	0
peak21145	0
peak2269	0
peak67493_Reversed	0
peak79765	0
HBE1_8726	0
peak3064	0
peak68278	0
LMO2_7212_Reversed	0
RBM38_9670_Reversed	0
HBA2_1554_Reversed	0
peak45811_Reversed	0
MYC_1926_Reversed	0
peak19406_Reversed	0
peak41555_Reversed	0
peak76992_Reversed	0
HBA2_2167	0
peak14382	0
peak31477	0
peak37588	0
peak2228_Reversed	0
peak78947	0
peak67493	0
peak68685_Reversed	0
peak53144_Reversed	0
peak23724	0
HBA2_941_Reversed	0
peak87374_Reversed	0
peak74724_Reversed	0
HBA2_2182	0
GATA1_2261	0
peak48263	0
peak51730_Reversed	0
BCL11A_4131_Reversed	0
peak55403	0
LMO2_6061	0
LMO2_3960_Reversed	0
GATA1_2088_Reversed	0
peak23427	0
LMO2_1728_Reversed	0
RBM38_1643_Reversed	0
peak27683_Reversed	0
peak33854	0
peak24181_Reversed	0
peak40011_Reversed	0
HBA2_3728_Reversed	0
peak68170_Reversed	0
peak9839_Reversed	0
peak3273_Reversed	0
peak40839	0
ENSG00000142511_Reversed	0
LMO2_2913	0
peak74554	0
peak7457	0
HBE1_7718	0
peak74906_Reversed	0
RBM38_2114_Reversed	0
peak44384_Reversed	0
peak19219_Reversed	0
RBM38_6854_Reversed	0
HBE1_2957_Reversed	0
peak82729	0
peak79481_Reversed	0
peak21724_Reversed	0
peak53224_Reversed	0
HBA2_1471	0
GATA1_2740	0
peak1056_Reversed	0
peak45321_Reversed	0
LMO2_3104	0
peak79959_Reversed	0
peak25225_Reversed	0
LMO2_700_Reversed	0
peak22440	0
peak39332	0
peak76330_Reversed	0
RBM38_1828	0
LMO2_6099	0
HBE1_7257	0
RBM38_4672	0
peak40839_Reversed	0
peak82770_Reversed	0
BCL11A_9156_Reversed	0
HBA2_1192	0
peak103	0
peak79959	0
GATA1_1407	0
BCL11A_6524	0
peak7804	0
HBA2_2165_Reversed	0
MYC_830_Reversed	0
peak29716_Reversed	0
HBA2_979	0
peak11111	0
RBM38_2958	0
peak86194_Reversed	0
HBE1_9179	0
MYC_830	0
peak19598_Reversed	0
peak53786_Reversed	0
peak37588_Reversed	0
BCL11A_5307_Reversed	0
HBE1_8124_Reversed	0
peak25294	0
RBM38_1608_Reversed	0
LMO2_700	0
peak451_Reversed	0
peak103_Reversed	0
peak77018_Reversed	0
peak77259_Reversed	0
peak49111_Reversed	0
peak40720_Reversed	0
GATA1_2099	0
peak27683	0
peak30076_Reversed	0
peak62211	0
peak20412_Reversed	0
peak84836_Reversed	0
peak84836	0
peak24968_Reversed	0
GATA1_2261_Reversed	0
peak35909_Reversed	0
HBA2_3728	0
peak50929_Reversed	0
peak40884_Reversed	0
HBE1_9179_Reversed	0
LMO2_4804_Reversed	0
peak33854_Reversed	0
peak20412	0
peak78947_Reversed	0
peak67238	0
peak7457_Reversed	0
peak55599	0
peak30715	0
peak33137_Reversed	0
peak69439	0
peak2269_Reversed	0
peak19265	0
HBA2_1972	0
peak48920	0
peak18570	0
peak45321	0
ENSG00000142511	0
GATA1_4072	0
LMO2_2913_Reversed	0
BCL11A_6910_Reversed	0
MYC_2931	0
LMO2_1899	0
peak45811	0
BCL11A_5904	0
peak55403_Reversed	0
RBM38_8072	0
peak22478_Reversed	0
peak2228	0
peak18570_Reversed	0
MYC_2931_Reversed	0
HBE1_2957	0
peak14382_Reversed	0
peak43492_Reversed	0
peak52000	0
peak8173	1
peak4012	1
peak17567	1
peak4012_Reversed	1
peak4664	1
peak17567_Reversed	1
MYC_9497	1
peak4664_Reversed	1
MYC_9497_Reversed	1
peak8173_Reversed	1
peak46298_Reversed	2
HBE1_1470	2
peak989	2
peak63089	2
peak80110	2
peak4976	2
peak26685	2
peak63089_Reversed	2
peak46298	2
peak53162	2
peak989_Reversed	2
HBE1_1470_Reversed	2
peak53162_Reversed	2
peak4976_Reversed	2
peak80110_Reversed	2
peak26685_Reversed	2
peak27238_Reversed	3
peak76210	3
peak76210_Reversed	3
LMO2_656_Reversed	3
peak27238	3
LMO2_656	3
peak5316_Reversed	4
peak82480	4
peak72739_Reversed	4
peak5316	4
peak82480_Reversed	4
peak37027_Reversed	4
peak37027	4
peak72739	4
peak30509	5
BCL11A_460_Reversed	5
peak45793_Reversed	5
peak30509_Reversed	5
peak64471_Reversed	5
ENSG00000154646	5
peak87468	5
peak12292_Reversed	5
GATA1_517_Reversed	5
peak23379_Reversed	5
GATA1_517	5
peak10289_Reversed	5
ENSG00000154646_Reversed	5
peak36770	5
peak32635	5
peak28601_Reversed	5
peak12292	5
peak44153	5
peak32511_Reversed	5
peak49989_Reversed	5
peak59478	5
peak25390_Reversed	5
peak59014_Reversed	5
peak44153_Reversed	5
peak28601	5
peak618	5
peak49989	5
peak25390	5
peak32635_Reversed	5
peak8752_Reversed	5
peak81926	5
LMO2_2823	5
BCL11A_460	5
peak10289	5
peak64471	5
peak18642	5
peak36770_Reversed	5
peak60795	5
peak45793	5
peak25567	5
peak87005_Reversed	5
peak60795_Reversed	5
peak24339_Reversed	5
peak25567_Reversed	5
peak8834_Reversed	5
peak59478_Reversed	5
peak87005	5
peak32511	5
peak23379	5
peak18642_Reversed	5
peak618_Reversed	5
peak37041_Reversed	5
peak8752	5
peak59014	5
peak37041	5
peak87468_Reversed	5
peak81926_Reversed	5
peak8834	5
LMO2_2823_Reversed	5
peak24339	5
peak46772	6
peak85368	6
peak41173_Reversed	6
peak35063	6
peak19609_Reversed	6
peak401_Reversed	6
peak54779	6
peak6981	6
peak401	6
peak41173	6
peak8707	6
peak52501_Reversed	6
peak75160	6
peak46772_Reversed	6
peak30138	6
peak49476	6
peak85368_Reversed	6
peak82313_Reversed	6
peak56099_Reversed	6
peak6981_Reversed	6
peak35063_Reversed	6
peak78151	6
peak78151_Reversed	6
peak65553	6
peak19609	6
peak49476_Reversed	6
peak30138_Reversed	6
peak75160_Reversed	6
peak52501	6
peak56099	6
peak54779_Reversed	6
peak8707_Reversed	6
peak65553_Reversed	6
peak82313	6
peak76124_Reversed	7
peak57248	7
peak57248_Reversed	7
peak76124	7
peak77931	8
peak55991_Reversed	8
peak82843	8
peak24965	8
peak11141_Reversed	8
peak42955	8
peak57558	8
peak29052_Reversed	8
peak35883	8
peak68590	8
peak60859_Reversed	8
peak55991	8
peak18889_Reversed	8
peak42955_Reversed	8
peak33348	8
peak35832	8
peak32705_Reversed	8
peak35883_Reversed	8
peak82843_Reversed	8
peak12024	8
peak34283	8
peak37032	8
peak68590_Reversed	8
peak77931_Reversed	8
peak11141	8
peak84075	8
peak70885	8
peak37032_Reversed	8
peak68592_Reversed	8
peak43903_Reversed	8
peak43903	8
peak33579	8
peak68592	8
peak24965_Reversed	8
peak76257_Reversed	8
peak33348_Reversed	8
peak61708_Reversed	8
peak18889	8
peak12024_Reversed	8
peak66919_Reversed	8
peak57558_Reversed	8
peak60859	8
peak33579_Reversed	8
peak32790	8
peak61708	8
peak29052	8
peak32790_Reversed	8
peak5521	8
peak70885_Reversed	8
peak84075_Reversed	8
peak51812	8
peak51812_Reversed	8
peak32705	8
peak34283_Reversed	8
peak5521_Reversed	8
peak76257	8
peak35832_Reversed	8
peak66919	8
ENSG00000164867_Reversed	9
peak82476	9
peak29977_Reversed	9
peak82476_Reversed	9
ENSG00000164867	9
peak29977	9
peak81862	10
peak56996	10
peak56996_Reversed	10
peak81862_Reversed	10
peak56928	11
peak66939	11
peak56928_Reversed	11
peak66939_Reversed	11
peak75185_Reversed	12
peak36621	12
peak75185	12
peak36621_Reversed	12
peak61705_Reversed	13
peak86841	13
peak60861	13
peak86841_Reversed	13
peak61705	13
peak60861_Reversed	13
peak41167_Reversed	14
peak9926	14
peak16559_Reversed	14
peak9926_Reversed	14
peak23686	14
peak30646_Reversed	14
peak87280_Reversed	14
peak84880_Reversed	14
peak23686_Reversed	14
peak84880	14
peak16559	14
peak87280	14
peak19037_Reversed	14
peak41167	14
peak19037	14
peak30646	14
peak74317	15
peak38632_Reversed	15
ENSG00000196131	15
peak38632	15
ENSG00000196131_Reversed	15
peak72711_Reversed	15
peak74317_Reversed	15
peak72711	15
peak33119	16
peak80481_Reversed	16
peak80481	16
peak42457_Reversed	16
peak33119_Reversed	16
peak42457	16
peak51680_Reversed	17
peak83821	17
peak83821_Reversed	17
peak51680	17
peak6698	18
peak7909	18
peak46220_Reversed	18
peak6698_Reversed	18
peak7909_Reversed	18
peak46220	18
peak61589	19
peak77422	19
peak75236_Reversed	19
peak70282_Reversed	19
peak70282	19
peak24776	19
peak63736	19
peak54507	19
peak70739_Reversed	19
peak17683	19
peak26804_Reversed	19
peak76436_Reversed	19
peak26804	19
peak3081	19
peak30471	19
peak81993_Reversed	19
peak64441_Reversed	19
peak75236	19
peak12812	19
peak30471_Reversed	19
peak61589_Reversed	19
peak43861_Reversed	19
peak53683_Reversed	19
peak81198	19
peak73355	19
peak24776_Reversed	19
peak30265	19
peak30265_Reversed	19
peak63736_Reversed	19
peak53683	19
peak54507_Reversed	19
peak43498	19
peak77422_Reversed	19
peak41905	19
peak41905_Reversed	19
peak73355_Reversed	19
peak43498_Reversed	19
peak76505	19
peak64804	19
peak76505_Reversed	19
peak74046_Reversed	19
peak70739	19
peak79346_Reversed	19
peak81198_Reversed	19
peak64441	19
peak74046	19
peak81993	19
peak79346	19
peak3081_Reversed	19
peak43861	19
peak12812_Reversed	19
peak17683_Reversed	19
peak64804_Reversed	19
peak76436	19
peak77069_Reversed	20
peak60344	20
peak60344_Reversed	20
peak77069	20
peak53337_Reversed	21
peak27765	21
peak27765_Reversed	21
peak53337	21
peak11370	21
peak11370_Reversed	21
peak30018	22
peak30018_Reversed	22
peak19871_Reversed	22
peak19871	22
ENSG00000270629	23
ENSG00000270629_Reversed	23
ENSG00000263956_Reversed	23
ENSG00000263956	23
ENSG00000109536_Reversed	24
ENSG00000109536	24
peak48807_Reversed	24
peak48807	24
peak37425_Reversed	25
peak58318	25
peak36004_Reversed	25
peak37425	25
peak58318_Reversed	25
peak36004	25
GATA1_2786_Reversed	26
MYC_2283	26
GATA1_2786	26
MYC_2283_Reversed	26
peak75843	27
peak79769	27
peak59167_Reversed	27
peak75089	27
peak74328_Reversed	27
peak75089_Reversed	27
peak11490	27
peak11490_Reversed	27
peak75843_Reversed	27
peak74328	27
peak79769_Reversed	27
peak59167	27
peak40157_Reversed	28
peak40089	28
peak40157	28
peak40089_Reversed	28
BCL11A_1542_Reversed	29
RBM38_4242	29
BCL11A_1542	29
RBM38_4242_Reversed	29
peak30169	30
peak63407_Reversed	30
peak779	30
peak63407	30
peak23029_Reversed	30
peak23029	30
peak30169_Reversed	30
peak77416_Reversed	30
peak779_Reversed	30
peak77416	30
HBE1_4261	31
HBE1_4261_Reversed	31
GATA1_7552_Reversed	31
GATA1_7552	31
HBE1_598_Reversed	32
peak25306	32
peak68293	32
HBE1_598	32
peak76476_Reversed	32
peak30459_Reversed	32
peak68293_Reversed	32
peak11969	32
peak76476	32
peak33662_Reversed	32
peak11969_Reversed	32
peak45134	32
peak44958	32
peak1068_Reversed	32
peak33662	32
peak44958_Reversed	32
peak25306_Reversed	32
peak35910	32
peak45134_Reversed	32
peak30459	32
peak1068	32
peak35910_Reversed	32
peak50746_Reversed	33
peak50746	33
peak61351_Reversed	33
peak61351	33
peak10914	34
peak10914_Reversed	34
peak42449	34
peak42449_Reversed	34
peak12393_Reversed	35
peak12393	35
peak21299_Reversed	35
peak21299	35
peak87199_Reversed	36
peak23794	36
LMO2_3281	36
peak87199	36
LMO2_3281_Reversed	36
peak23794_Reversed	36
MYC_4043	37
peak18702_Reversed	37
peak33618	37
peak18702	37
peak33618_Reversed	37
MYC_4043_Reversed	37
peak33282_Reversed	38
peak33272_Reversed	38
peak33275_Reversed	38
peak33275	38
peak33276	38
peak33276_Reversed	38
peak33272	38
peak33282	38
peak34670	39
peak81027	39
peak34670_Reversed	39
peak37914	39
peak37914_Reversed	39
peak56999_Reversed	39
peak81027_Reversed	39
peak57209_Reversed	39
peak56999	39
peak57209	39
peak61453_Reversed	40
peak54379_Reversed	40
peak25142	40
peak25142_Reversed	40
peak54379	40
peak61453	40
peak9674	41
peak9674_Reversed	41
peak86126_Reversed	41
peak86126	41
ENSG00000175691_Reversed	42
ENSG00000186300_Reversed	42
ENSG00000186300	42
ENSG00000175691	42
peak45735_Reversed	43
peak68355_Reversed	43
peak68355	43
peak45735	43
peak71143	44
peak72499_Reversed	44
peak72499	44
peak29053_Reversed	44
peak71143_Reversed	44
peak29053	44
peak4283_Reversed	44
peak4283	44
peak54272_Reversed	45
peak54272	45
peak36464_Reversed	45
peak36464	45
peak5558	46
peak5558_Reversed	46
peak5551	46
peak1025	46
peak1025_Reversed	46
peak5551_Reversed	46
peak79368_Reversed	47
peak79344	47
peak79344_Reversed	47
peak79368	47
peak46557_Reversed	48
peak82835_Reversed	48
peak46557	48
peak82835	48
peak36733_Reversed	49
peak17712_Reversed	49
peak82434	49
peak82434_Reversed	49
peak17712	49
peak36733	49
peak4560	50
peak27393_Reversed	50
peak85594	50
peak4560_Reversed	50
peak30686	50
peak27393	50
peak44744	50
peak5345	50
peak85594_Reversed	50
peak30686_Reversed	50
peak5345_Reversed	50
peak44744_Reversed	50
BCL11A_747_Reversed	51
peak62302	51
peak62302_Reversed	51
BCL11A_747	51
ENSG00000197360_Reversed	52
peak39407	52
ENSG00000197360	52
ENSG00000197008	52
ENSG00000256771	52
ENSG00000197008_Reversed	52
ENSG00000256771_Reversed	52
peak39407_Reversed	52
peak41487	53
peak41814_Reversed	53
peak41814	53
peak41487_Reversed	53
peak44326	54
peak38492	54
peak38492_Reversed	54
peak44326_Reversed	54
peak4614	55
MYC_1412	55
MYC_1412_Reversed	55
peak4614_Reversed	55
peak21587_Reversed	56
peak52701_Reversed	56
peak52701	56
peak86812	56
peak19328_Reversed	56
peak19328	56
peak86812_Reversed	56
peak21587	56
LMO2_9557	57
HBE1_6735	57
HBE1_6735_Reversed	57
LMO2_9557_Reversed	57
peak74453	58
peak57733	58
peak57733_Reversed	58
peak74453_Reversed	58
peak79295_Reversed	59
peak50149	59
peak50149_Reversed	59
peak79295	59
peak14440	60
peak14440_Reversed	60
peak34309	60
peak34309_Reversed	60
GATA1_7804_Reversed	61
MYC_1488_Reversed	61
GATA1_7804	61
HBE1_5768	61
HBE1_5768_Reversed	61
MYC_1488	61
peak86071_Reversed	62
peak86071	62
peak23510_Reversed	62
peak23510	62
HBE1_8078_Reversed	63
LMO2_4292	63
LMO2_4292_Reversed	63
HBE1_8078	63
peak74979_Reversed	64
peak75597_Reversed	64
peak75597	64
peak74979	64
peak16041	65
peak16041_Reversed	65
LMO2_592_Reversed	65
peak83306	65
LMO2_592	65
peak83306_Reversed	65
peak23500_Reversed	65
peak23500	65
peak79307_Reversed	66
peak79307	66
peak79309_Reversed	66
peak79309	66
GATA1_1453	67
GATA1_4792_Reversed	67
GATA1_1453_Reversed	67
GATA1_4792	67
peak59221_Reversed	68
peak1753	68
peak59221	68
peak1753_Reversed	68
peak68439	69
peak82207_Reversed	69
peak68439_Reversed	69
peak82207	69
peak58504	70
peak58504_Reversed	70
peak21789	70
peak21789_Reversed	70
HBE1_8072	71
MYC_8598	71
HBE1_8072_Reversed	71
LMO2_3788_Reversed	71
MYC_8598_Reversed	71
LMO2_3788	71
peak70037	72
peak27005	72
peak45560_Reversed	72
peak27005_Reversed	72
peak32106_Reversed	72
peak32106	72
peak30160_Reversed	72
peak45560	72
peak30160	72
peak70037_Reversed	72
RBM38_9086_Reversed	73
peak49286	73
peak49286_Reversed	73
RBM38_9086	73
ENSG00000240864_Reversed	74
ENSG00000240382_Reversed	74
ENSG00000239862	74
ENSG00000242766	74
ENSG00000240864	74
ENSG00000239862_Reversed	74
ENSG00000240382	74
ENSG00000242766_Reversed	74
peak76789_Reversed	75
peak76789	75
BCL11A_58_Reversed	75
BCL11A_58	75
GATA1_9294	76
GATA1_9703	76
GATA1_9294_Reversed	76
GATA1_9703_Reversed	76
peak62365	77
peak28597_Reversed	77
peak2163_Reversed	77
peak76200_Reversed	77
peak2163	77
peak28597	77
peak62365_Reversed	77
peak76200	77
peak85218	78
peak85218_Reversed	78
peak49894	78
peak49894_Reversed	78
peak44240	79
peak8203	79
peak81791	79
peak44240_Reversed	79
peak8203_Reversed	79
peak81791_Reversed	79
peak50328	80
peak50328_Reversed	80
peak15393_Reversed	80
peak15393	80
peak21607_Reversed	81
peak30454	81
peak21607	81
peak30454_Reversed	81
peak31509	82
peak82937	82
peak25206_Reversed	82
peak25206	82
peak31509_Reversed	82
peak82937_Reversed	82
peak87202_Reversed	83
peak24390	83
peak24390_Reversed	83
peak87202	83
peak63424_Reversed	84
peak63424	84
GATA1_9492	84
GATA1_9492_Reversed	84
peak38907_Reversed	85
peak38382_Reversed	85
peak38382	85
peak38907	85
ENSG00000174842	86
ENSG00000122484	86
ENSG00000122484_Reversed	86
ENSG00000174842_Reversed	86
ENSG00000239713	87
ENSG00000179750_Reversed	87
ENSG00000179750	87
ENSG00000239713_Reversed	87
peak45476_Reversed	88
peak76026	88
peak76026_Reversed	88
peak45476	88
peak34847_Reversed	89
peak47146_Reversed	89
peak47146	89
peak34847	89
